id;warehouse_code;warehouse_name;warehouse_status;address;pallet;created_date;created_by
1;Buckinghamshire back-end Som;moratorium Vatu;connect navigate Pizza;Tunisia;14423;2023-02-07T23:14:02;e-business
2;International;rich;Fish invoice;optical Keyboard withdrawal;16014;2023-02-07T08:44:01;Future interface
3;bluetooth bus;Cyprus Intranet Cambridgeshire;Director incubate;loyalty Versatile;9897;2023-02-08T00:16:02;Steel
4;Dynamic;integrated Refined Algerian;deploy;Creek Upgradable maximize;45327;2023-02-07T10:25:20;models web Ergonomic
5;neural;programming Avon systemic;program;Radial schemas Supervisor;90526;2023-02-07T17:48:39;extensible Florida Coordinator
6;Grocery;Road;transmitting;Run;33567;2023-02-07T09:34:59;e-services
7;virtual green out-of-the-box;interface hacking;mobile;Vatu Rubber transmitter;6252;2023-02-08T05:25:16;vertical
8;synthesizing Lek;Keyboard Lek withdrawal;HDD;Solomon;17587;2023-02-07T15:17:11;Infrastructure
9;niches Kids;content Savings Security;withdrawal FTP;Idaho generate;47659;2023-02-07T22:16:33;Inlet drive Rubber
10;deposit virtual multi-tasking;interface;cross-media Account;Dong Small Rubber;35617;2023-02-08T01:42:23;mission-critical Implementation
